[
  {
    "minlongitude": -118.59919,
    "maxlatitude": 32.7186553,
    "maxlongitude": -28.6341164,
    "sub-region": "Latin America and the Caribbean",
    "countries": [
      {"name": "Puerto Rico"},
      {"name": "Paraguay"},
      {"name": "Antigua and Barbuda"},
      {"name": "Anguilla"},
      {"name": "Argentina"},
      {"name": "Aruba"},
      {"name": "Barbados"},
      {"name": "Saint Barth�lemy"},
      {"name": "Bolivia (Plurinational State of)"},
      {"name": "Brazil"},
      {"name": "Bahamas"},
      {"name": "Belize"},
      {"name": "Suriname"},
      {"name": "El Salvador"},
      {"name": "Chile"},
      {"name": "Colombia"},
      {"name": "Costa Rica"},
      {"name": "Turks and Caicos Islands"},
      {"name": "Cuba"},
      {"name": "Trinidad and Tobago"},
      {"name": "Dominica"},
      {"name": "Dominican Republic"},
      {"name": "Ecuador"},
      {"name": "Uruguay"},
      {"name": "Saint Vincent and the Grenadines"},
      {"name": "Venezuela (Bolivarian Republic of)"},
      {"name": "Virgin Islands (British)"},
      {"name": "Virgin Islands (U.S.)"},
      {"name": "Falkland Islands (Malvinas)"},
      {"name": "Grenada"},
      {"name": "Guatemala"},
      {"name": "Guyana"},
      {"name": "Honduras"},
      {"name": "Haiti"},
      {"name": "Jamaica"},
      {"name": "Saint Kitts and Nevis"},
      {"name": "Cayman Islands"},
      {"name": "Saint Lucia"},
      {"name": "Saint Martin (French part)"},
      {"name": "Montserrat"},
      {"name": "Mexico"},
      {"name": "Nicaragua"},
      {"name": "Panama"},
      {"name": "Peru"}
    ],
    "minlatitude": -50.7973007,
    "zones": [
      {"name": "America/Punta_Arenas"},
      {"name": "America/Argentina/Rio_Gallegos"},
      {"name": "America/Santiago"},
      {"name": "America/Argentina/Catamarca"},
      {"name": "America/Argentina/Salta"},
      {"name": "America/Argentina/Buenos_Aires"},
      {"name": "America/Argentina/Mendoza"},
      {"name": "America/Argentina/San_Luis"},
      {"name": "America/Argentina/Cordoba"},
      {"name": "America/Montevideo"},
      {"name": "America/Sao_Paulo"},
      {"name": "America/Argentina/San_Juan"},
      {"name": "America/Argentina/La_Rioja"},
      {"name": "America/Asuncion"},
      {"name": "America/Argentina/Jujuy"},
      {"name": "America/Campo_Grande"},
      {"name": "America/La_Paz"},
      {"name": "America/Lima"},
      {"name": "America/Bahia"},
      {"name": "America/Cuiaba"},
      {"name": "America/Porto_Velho"},
      {"name": "America/Araguaina"},
      {"name": "America/Rio_Branco"},
      {"name": "America/Fortaleza"},
      {"name": "America/Maceio"},
      {"name": "America/Manaus"},
      {"name": "America/Santarem"},
      {"name": "America/Belem"},
      {"name": "America/Recife"},
      {"name": "America/Eirunepe"},
      {"name": "America/Guayaquil"},
      {"name": "Pacific/Galapagos"},
      {"name": "America/Bogota"},
      {"name": "America/Boa_Vista"},
      {"name": "America/Caracas"},
      {"name": "America/Guyana"},
      {"name": "America/Paramaribo"},
      {"name": "America/Cayenne"},
      {"name": "America/Panama"},
      {"name": "America/Costa_Rica"},
      {"name": "America/Port_of_Spain"},
      {"name": "America/Managua"},
      {"name": "America/Curacao"},
      {"name": "America/Grenada"},
      {"name": "America/El_Salvador"},
      {"name": "America/Tegucigalpa"},
      {"name": "America/Mexico_City"},
      {"name": "America/Guatemala"},
      {"name": "America/Belize"},
      {"name": "America/Jamaica"},
      {"name": "America/Merida"},
      {"name": "America/Port-au-Prince"},
      {"name": "America/Santo_Domingo"},
      {"name": "America/Puerto_Rico"},
      {"name": "America/Tortola"},
      {"name": "America/Anguilla"},
      {"name": "America/Cancun"},
      {"name": "America/Cayman"},
      {"name": "America/Havana"},
      {"name": "America/Mazatlan"},
      {"name": "America/Nassau"},
      {"name": "America/Grand_Turk"},
      {"name": "America/Monterrey"},
      {"name": "America/Chihuahua"},
      {"name": "America/Matamoros"},
      {"name": "America/New_York"},
      {"name": "America/Hermosillo"},
      {"name": "America/Chicago"},
      {"name": "America/Tijuana"},
      {"name": "America/Ojinaga"},
      {"name": "America/Phoenix"},
      {"name": "America/Ciudad_Juarez"},
      {"name": "America/Denver"}
    ]
  },
  {
    "minlongitude": 25.6212891,
    "maxlatitude": 43.5864294,
    "maxlongitude": 60.054577,
    "sub-region": "Western Asia",
    "countries": [
      {"name": "Palestine, State of"},
      {"name": "Qatar"},
      {"name": "United Arab Emirates"},
      {"name": "Armenia"},
      {"name": "Azerbaijan"},
      {"name": "Bahrain"},
      {"name": "Saudi Arabia"},
      {"name": "Syrian Arab Republic"},
      {"name": "Cyprus"},
      {"name": "Turkey"},
      {"name": "Georgia"},
      {"name": "Yemen"},
      {"name": "Israel"},
      {"name": "Iraq"},
      {"name": "Jordan"},
      {"name": "Kuwait"},
      {"name": "Lebanon"},
      {"name": "Oman"}
    ],
    "minlatitude": 19,
    "zones": [
      {"name": "Africa/Khartoum"},
      {"name": "Asia/Riyadh"},
      {"name": "Asia/Muscat"},
      {"name": "Africa/Cairo"},
      {"name": "Asia/Dubai"},
      {"name": "Asia/Qatar"},
      {"name": "Asia/Tehran"},
      {"name": "Asia/Amman"},
      {"name": "Asia/Baghdad"},
      {"name": "Asia/Kuwait"},
      {"name": "Asia/Jerusalem"},
      {"name": "Asia/Beirut"},
      {"name": "Asia/Damascus"},
      {"name": "Europe/Athens"},
      {"name": "Asia/Famagusta"},
      {"name": "Europe/Istanbul"},
      {"name": "Asia/Ashgabat"},
      {"name": "Asia/Yerevan"},
      {"name": "Asia/Baku"},
      {"name": "Europe/Sofia"},
      {"name": "Asia/Tbilisi"},
      {"name": "Asia/Aqtau"},
      {"name": "Europe/Moscow"},
      {"name": "Asia/Samarkand"}
    ]
  },
  {
    "minlongitude": -31.5575303,
    "maxlatitude": 47.0921462,
    "maxlongitude": 29.7296986,
    "sub-region": "Southern Europe",
    "countries": [
      {"name": "Portugal"},
      {"name": "Andorra"},
      {"name": "Albania"},
      {"name": "Bosnia and Herzegovina"},
      {"name": "Serbia"},
      {"name": "Slovenia"},
      {"name": "San Marino"},
      {"name": "Holy See"},
      {"name": "Spain"},
      {"name": "Gibraltar"},
      {"name": "Greece"},
      {"name": "Croatia"},
      {"name": "Italy"},
      {"name": "Montenegro"},
      {"name": "North Macedonia"},
      {"name": "Malta"}
    ],
    "minlatitude": 29.8288021,
    "zones": [
      {"name": "Atlantic/Canary"},
      {"name": "Africa/Casablanca"},
      {"name": "Africa/Algiers"},
      {"name": "Africa/Tripoli"},
      {"name": "Africa/Cairo"},
      {"name": "Atlantic/Madeira"},
      {"name": "Africa/Tunis"},
      {"name": "Europe/Madrid"},
      {"name": "Atlantic/Azores"},
      {"name": "Europe/Lisbon"},
      {"name": "Europe/Rome"},
      {"name": "Europe/Athens"},
      {"name": "Europe/Istanbul"},
      {"name": "Europe/Tirane"},
      {"name": "Europe/Paris"},
      {"name": "Europe/Skopje"},
      {"name": "Europe/Sofia"},
      {"name": "Europe/Zagreb"},
      {"name": "Europe/Sarajevo"},
      {"name": "Europe/Podgorica"},
      {"name": "Europe/Belgrade"},
      {"name": "Europe/Bucharest"},
      {"name": "Europe/Zurich"},
      {"name": "Europe/Ljubljana"},
      {"name": "Europe/Budapest"},
      {"name": "Europe/Chisinau"}
    ]
  },
  {
    "minlongitude": -179.1645388,
    "maxlatitude": 20.616556,
    "maxlongitude": 178.4985095,
    "sub-region": "Micronesia",
    "countries": [
      {"name": "Palau"},
      {"name": "Micronesia (Federated States of)"},
      {"name": "Guam"},
      {"name": "Kiribati"},
      {"name": "Marshall Islands"},
      {"name": "Northern Mariana Islands"},
      {"name": "Nauru"}
    ],
    "minlatitude": -0.5025906,
    "zones": [
      {"name": "Pacific/Galapagos"},
      {"name": "America/Guayaquil"},
      {"name": "America/Bogota"},
      {"name": "America/Manaus"},
      {"name": "America/Boa_Vista"},
      {"name": "America/Santarem"},
      {"name": "America/Belem"},
      {"name": "Africa/Libreville"},
      {"name": "Africa/Brazzaville"},
      {"name": "Africa/Kinshasa"},
      {"name": "Africa/Lubumbashi"},
      {"name": "Africa/Kampala"},
      {"name": "Africa/Nairobi"},
      {"name": "Africa/Mogadishu"},
      {"name": "Asia/Jakarta"},
      {"name": "Asia/Pontianak"},
      {"name": "Asia/Makassar"},
      {"name": "Asia/Jayapura"},
      {"name": "America/Caracas"},
      {"name": "America/Noronha"},
      {"name": "Africa/Sao_Tome"},
      {"name": "Indian/Maldives"},
      {"name": "Asia/Kuching"},
      {"name": "Pacific/Tarawa"},
      {"name": "America/Guyana"},
      {"name": "America/Paramaribo"},
      {"name": "America/Cayenne"},
      {"name": "Africa/Douala"},
      {"name": "Asia/Kuala_Lumpur"},
      {"name": "Africa/Bangui"},
      {"name": "Africa/Juba"},
      {"name": "Africa/Addis_Ababa"},
      {"name": "Africa/Monrovia"},
      {"name": "Africa/Abidjan"},
      {"name": "Africa/Accra"},
      {"name": "Africa/Lagos"},
      {"name": "Asia/Manila"},
      {"name": "Pacific/Palau"},
      {"name": "Pacific/Chuuk"},
      {"name": "Pacific/Kosrae"},
      {"name": "Pacific/Majuro"},
      {"name": "Africa/Lome"},
      {"name": "Africa/Porto-Novo"},
      {"name": "Asia/Colombo"},
      {"name": "Asia/Kolkata"},
      {"name": "Asia/Bangkok"},
      {"name": "Pacific/Pohnpei"},
      {"name": "America/Costa_Rica"},
      {"name": "America/Panama"},
      {"name": "Africa/Freetown"},
      {"name": "Africa/Conakry"},
      {"name": "Africa/Ndjamena"},
      {"name": "Asia/Ho_Chi_Minh"},
      {"name": "Africa/Ouagadougou"},
      {"name": "Africa/Khartoum"},
      {"name": "Asia/Yangon"},
      {"name": "Asia/Phnom_Penh"},
      {"name": "America/Managua"},
      {"name": "America/Port_of_Spain"},
      {"name": "Africa/Bissau"},
      {"name": "Africa/Bamako"},
      {"name": "Africa/Djibouti"},
      {"name": "Africa/Dakar"},
      {"name": "Africa/Niamey"},
      {"name": "Africa/Asmara"},
      {"name": "Asia/Aden"},
      {"name": "America/Guatemala"},
      {"name": "America/Tegucigalpa"},
      {"name": "America/Martinique"},
      {"name": "Asia/Vientiane"},
      {"name": "America/Mexico_City"},
      {"name": "America/Belize"},
      {"name": "Atlantic/Cape_Verde"},
      {"name": "Africa/Nouakchott"},
      {"name": "Asia/Shanghai"},
      {"name": "America/Jamaica"},
      {"name": "America/Santo_Domingo"},
      {"name": "America/Antigua"},
      {"name": "Asia/Riyadh"},
      {"name": "Asia/Muscat"},
      {"name": "America/Merida"},
      {"name": "America/Cancun"},
      {"name": "America/Port-au-Prince"},
      {"name": "Pacific/Honolulu"},
      {"name": "America/Havana"},
      {"name": "Africa/Algiers"},
      {"name": "Africa/Tripoli"},
      {"name": "Asia/Dhaka"},
      {"name": "Pacific/Saipan"}
    ]
  },
  {
    "minlongitude": 44.0318908,
    "maxlatitude": 39.7816502,
    "maxlongitude": 97.395561,
    "sub-region": "Southern Asia",
    "countries": [
      {"name": "Afghanistan"},
      {"name": "Bangladesh"},
      {"name": "Bhutan"},
      {"name": "India"},
      {"name": "Iran (Islamic Republic of)"},
      {"name": "Sri Lanka"},
      {"name": "Maldives"},
      {"name": "Nepal"},
      {"name": "Pakistan"}
    ],
    "minlatitude": 7.3106246,
    "zones": [
      {"name": "Africa/Addis_Ababa"},
      {"name": "Africa/Mogadishu"},
      {"name": "Asia/Colombo"},
      {"name": "Asia/Kolkata"},
      {"name": "Asia/Aden"},
      {"name": "Asia/Yangon"},
      {"name": "Asia/Riyadh"},
      {"name": "Asia/Muscat"},
      {"name": "Asia/Dhaka"},
      {"name": "Asia/Dubai"},
      {"name": "Asia/Karachi"},
      {"name": "Asia/Qatar"},
      {"name": "Asia/Tehran"},
      {"name": "Asia/Kathmandu"},
      {"name": "Asia/Shanghai"},
      {"name": "Asia/Baghdad"},
      {"name": "Asia/Kabul"},
      {"name": "Asia/Ashgabat"},
      {"name": "Asia/Urumqi"},
      {"name": "Asia/Dushanbe"},
      {"name": "Europe/Istanbul"},
      {"name": "Asia/Baku"},
      {"name": "Asia/Samarkand"}
    ]
  },
  {
    "minlongitude": -25.3609478,
    "maxlatitude": 27.314942,
    "maxlongitude": 72.7020157,
    "sub-region": "Sub-Saharan Africa",
    "countries": [
      {"name": "Angola"},
      {"name": "R�union"},
      {"name": "Burkina Faso"},
      {"name": "Rwanda"},
      {"name": "Burundi"},
      {"name": "Benin"},
      {"name": "Seychelles"},
      {"name": "Botswana"},
      {"name": "Saint Helena, Ascension and Tristan da Cunha"},
      {"name": "Sierra Leone"},
      {"name": "Senegal"},
      {"name": "Somalia"},
      {"name": "Congo, Democratic Republic of the"},
      {"name": "Sao Tome and Principe"},
      {"name": "Central African Republic"},
      {"name": "Congo"},
      {"name": "C�te d'Ivoire"},
      {"name": "Eswatini"},
      {"name": "Cameroon"},
      {"name": "Chad"},
      {"name": "Cabo Verde"},
      {"name": "Togo"},
      {"name": "Djibouti"},
      {"name": "Tanzania, United Republic of"},
      {"name": "Uganda"},
      {"name": "Eritrea"},
      {"name": "Ethiopia"},
      {"name": "Gabon"},
      {"name": "Ghana"},
      {"name": "Gambia"},
      {"name": "Guinea"},
      {"name": "Equatorial Guinea"},
      {"name": "Guinea-Bissau"},
      {"name": "Mayotte"},
      {"name": "British Indian Ocean Territory"},
      {"name": "South Africa"},
      {"name": "Zambia"},
      {"name": "Zimbabwe"},
      {"name": "Kenya"},
      {"name": "Comoros"},
      {"name": "Liberia"},
      {"name": "Lesotho"},
      {"name": "Madagascar"},
      {"name": "Mali"},
      {"name": "Mauritania"},
      {"name": "Mauritius"},
      {"name": "Malawi"},
      {"name": "Mozambique"},
      {"name": "Namibia"},
      {"name": "Niger"},
      {"name": "Nigeria"}
    ],
    "minlatitude": -28.570615,
    "zones": [
      {"name": "Africa/Johannesburg"},
      {"name": "Africa/Windhoek"},
      {"name": "Africa/Mbabane"},
      {"name": "Africa/Gaborone"},
      {"name": "Africa/Maputo"},
      {"name": "Indian/Antananarivo"},
      {"name": "Africa/Harare"},
      {"name": "Indian/Reunion"},
      {"name": "Africa/Luanda"},
      {"name": "Africa/Lusaka"},
      {"name": "Africa/Blantyre"},
      {"name": "Africa/Lubumbashi"},
      {"name": "Indian/Comoro"},
      {"name": "Africa/Dar_es_Salaam"},
      {"name": "Indian/Mahe"},
      {"name": "Africa/Kinshasa"},
      {"name": "Africa/Brazzaville"},
      {"name": "Africa/Nairobi"},
      {"name": "Africa/Libreville"},
      {"name": "Africa/Bujumbura"},
      {"name": "Africa/Kigali"},
      {"name": "Africa/Kampala"},
      {"name": "Africa/Mogadishu"},
      {"name": "Africa/Malabo"},
      {"name": "Africa/Douala"},
      {"name": "Africa/Abidjan"},
      {"name": "Africa/Lagos"},
      {"name": "Africa/Bangui"},
      {"name": "Africa/Juba"},
      {"name": "Africa/Addis_Ababa"},
      {"name": "Africa/Monrovia"},
      {"name": "Africa/Accra"},
      {"name": "Africa/Freetown"},
      {"name": "Africa/Conakry"},
      {"name": "Africa/Lome"},
      {"name": "Africa/Porto-Novo"},
      {"name": "Africa/Ndjamena"},
      {"name": "Africa/Khartoum"},
      {"name": "Africa/Bamako"},
      {"name": "Africa/Ouagadougou"},
      {"name": "Asia/Kolkata"},
      {"name": "Africa/Bissau"},
      {"name": "Africa/Djibouti"},
      {"name": "Africa/Banjul"},
      {"name": "Africa/Dakar"},
      {"name": "Africa/Niamey"},
      {"name": "Africa/Asmara"},
      {"name": "Asia/Aden"},
      {"name": "Atlantic/Cape_Verde"},
      {"name": "Africa/Nouakchott"},
      {"name": "Asia/Riyadh"},
      {"name": "Asia/Muscat"},
      {"name": "Africa/Algiers"},
      {"name": "Africa/Tripoli"},
      {"name": "Africa/El_Aaiun"},
      {"name": "Africa/Cairo"},
      {"name": "Asia/Dubai"},
      {"name": "Asia/Karachi"},
      {"name": "Asia/Qatar"},
      {"name": "Asia/Tehran"}
    ]
  },
  {
    "minlongitude": -180,
    "maxlatitude": -60,
    "maxlongitude": 180,
    "sub-region": "Antarctica",
    "countries": [{"name": "Antarctica"}],
    "minlatitude": -85.0511287,
    "zones": [
      {"name": "Antarctica/McMurdo"},
      {"name": "Antarctica/Rothera"},
      {"name": "America/Argentina/Ushuaia"},
      {"name": "Antarctica/Troll"},
      {"name": "Antarctica/Syowa"},
      {"name": "Antarctica/Mawson"},
      {"name": "Antarctica/Davis"},
      {"name": "Antarctica/Casey"},
      {"name": "Antarctica/DumontDUrville"}

    ]
  },
  {
    "minlongitude": -179.3866055,
    "maxlatitude": -5.4369611,
    "maxlongitude": 178.7344938,
    "sub-region": "Polynesia",
    "countries": [
      {"name": "American Samoa"},
      {"name": "Cook Islands"},
      {"name": "Tokelau"},
      {"name": "Tonga"},
      {"name": "Tuvalu"},
      {"name": "Wallis and Futuna"},
      {"name": "Samoa"},
      {"name": "Niue"},
      {"name": "French Polynesia"},
      {"name": "Pitcairn"}
    ],
    "minlatitude": -23.8655769,
    "zones": [
      {"name": "Pacific/Tahiti"},
      {"name": "America/Santiago"},
      {"name": "America/Argentina/Jujuy"},
      {"name": "America/Argentina/Salta"},
      {"name": "America/Argentina/Cordoba"},
      {"name": "America/Asuncion"},
      {"name": "America/Campo_Grande"},
      {"name": "America/Sao_Paulo"},
      {"name": "Africa/Windhoek"},
      {"name": "Africa/Gaborone"},
      {"name": "Africa/Johannesburg"},
      {"name": "Africa/Maputo"},
      {"name": "Indian/Antananarivo"},
      {"name": "Australia/Perth"},
      {"name": "Australia/Darwin"},
      {"name": "Australia/Brisbane"},
      {"name": "Pacific/Tongatapu"},
      {"name": "America/La_Paz"},
      {"name": "Pacific/Noumea"},
      {"name": "Africa/Harare"},
      {"name": "Pacific/Fiji"},
      {"name": "America/Lima"},
      {"name": "Pacific/Efate"},
      {"name": "America/Cuiaba"},
      {"name": "America/Bahia"},
      {"name": "Africa/Luanda"},
      {"name": "Africa/Lusaka"},
      {"name": "Africa/Blantyre"},
      {"name": "Pacific/Wallis"},
      {"name": "Pacific/Rarotonga"},
      {"name": "America/Porto_Velho"},
      {"name": "Africa/Lubumbashi"},
      {"name": "America/Araguaina"},
      {"name": "Indian/Comoro"},
      {"name": "Pacific/Guadalcanal"},
      {"name": "America/Rio_Branco"},
      {"name": "America/Fortaleza"},
      {"name": "America/Maceio"},
      {"name": "Africa/Dar_es_Salaam"},
      {"name": "Indian/Christmas"},
      {"name": "Asia/Makassar"},
      {"name": "Pacific/Port_Moresby"},
      {"name": "Pacific/Marquesas"},
      {"name": "America/Eirunepe"},
      {"name": "America/Manaus"},
      {"name": "America/Santarem"},
      {"name": "America/Belem"},
      {"name": "America/Recife"},
      {"name": "Asia/Jakarta"},
      {"name": "Asia/Dili"},
      {"name": "Asia/Jayapura"},
      {"name": "Africa/Kinshasa"},
      {"name": "Indian/Mahe"},
      {"name": "Pacific/Bougainville"},
      {"name": "Pacific/Funafuti"}
    ]
  },
  {
    "minlongitude": -5.4534286,
    "maxlatitude": 55.099161,
    "maxlongitude": 17.160776,
    "sub-region": "Western Europe",
    "countries": [
      {"name": "Austria"},
      {"name": "Belgium"},
      {"name": "Switzerland"},
      {"name": "Germany"},
      {"name": "France"},
      {"name": "Liechtenstein"},
      {"name": "Luxembourg"},
      {"name": "Monaco"},
      {"name": "Netherlands"}
    ],
    "minlatitude": 43.7519311,
    "zones": [
      {"name": "Europe/Madrid"},
      {"name": "Europe/Paris"},
      {"name": "Europe/Rome"},
      {"name": "Europe/Zagreb"},
      {"name": "Europe/Sarajevo"},
      {"name": "Europe/Zurich"},
      {"name": "Europe/Vienna"},
      {"name": "Europe/Budapest"},
      {"name": "Europe/Berlin"},
      {"name": "Europe/Bratislava"},
      {"name": "Europe/Guernsey"},
      {"name": "Europe/Prague"},
      {"name": "Europe/London"},
      {"name": "Europe/Brussels"},
      {"name": "Europe/Warsaw"},
      {"name": "Europe/Amsterdam"}
    ]
  },
  {
    "minlongitude": -179.059153,
    "maxlatitude": -9.0882278,
    "maxlongitude": 179.3643594,
    "sub-region": "Australia and New Zealand",
    "countries": [
      {"name": "Australia"},
      {"name": "Cocos (Keeling) Islands"},
      {"name": "Christmas Island"},
      {"name": "New Zealand"}
    ],
    "minlatitude": -55.3228175,
    "zones": [
      {"name": "America/Punta_Arenas"},
      {"name": "America/Argentina/Ushuaia"},
      {"name": "Atlantic/South_Georgia"},
      {"name": "America/Argentina/Rio_Gallegos"},
      {"name": "Atlantic/Stanley"},
      {"name": "Pacific/Auckland"},
      {"name": "Indian/Kerguelen"},
      {"name": "America/Santiago"},
      {"name": "America/Argentina/Catamarca"},
      {"name": "Australia/Hobart"},
      {"name": "America/Argentina/Salta"},
      {"name": "America/Argentina/Buenos_Aires"},
      {"name": "Australia/Melbourne"},
      {"name": "Atlantic/St_Helena"},
      {"name": "Australia/Adelaide"},
      {"name": "America/Argentina/Mendoza"},
      {"name": "America/Argentina/San_Luis"},
      {"name": "Australia/Sydney"},
      {"name": "America/Argentina/Cordoba"},
      {"name": "America/Montevideo"},
      {"name": "Africa/Johannesburg"},
      {"name": "Australia/Perth"},
      {"name": "America/Sao_Paulo"},
      {"name": "America/Argentina/San_Juan"},
      {"name": "America/Argentina/La_Rioja"},
      {"name": "Australia/Eucla"},
      {"name": "Africa/Maseru"},
      {"name": "Africa/Windhoek"},
      {"name": "Australia/Brisbane"},
      {"name": "America/Argentina/Tucuman"},
      {"name": "America/Asuncion"},
      {"name": "Africa/Mbabane"},
      {"name": "Africa/Maputo"},
      {"name": "Africa/Gaborone"},
      {"name": "Indian/Antananarivo"},
      {"name": "Australia/Darwin"},
      {"name": "Pacific/Tongatapu"},
      {"name": "Pacific/Tahiti"},
      {"name": "America/Argentina/Jujuy"},
      {"name": "America/Campo_Grande"},
      {"name": "Pacific/Noumea"},
      {"name": "Pacific/Fiji"},
      {"name": "America/La_Paz"},
      {"name": "Africa/Harare"},
      {"name": "America/Lima"},
      {"name": "America/Bahia"},
      {"name": "Africa/Luanda"},
      {"name": "Africa/Lusaka"},
      {"name": "Pacific/Efate"},
      {"name": "America/Cuiaba"},
      {"name": "Indian/Mauritius"},
      {"name": "Africa/Blantyre"},
      {"name": "Pacific/Wallis"},
      {"name": "America/Porto_Velho"},
      {"name": "America/Araguaina"},
      {"name": "Africa/Lubumbashi"},
      {"name": "Indian/Comoro"},
      {"name": "Indian/Cocos"},
      {"name": "Pacific/Guadalcanal"},
      {"name": "Pacific/Rarotonga"},
      {"name": "Pacific/Marquesas"},
      {"name": "America/Rio_Branco"},
      {"name": "America/Fortaleza"},
      {"name": "America/Maceio"},
      {"name": "Africa/Dar_es_Salaam"},
      {"name": "Asia/Makassar"},
      {"name": "Pacific/Port_Moresby"}
    ]
  },
  {
    "minlongitude": 12.0905901,
    "maxlatitude": 82.0586232,
    "maxlongitude": 180,
    "sub-region": "Eastern Europe",
    "countries": [
      {"name": "Romania"},
      {"name": "Russian Federation"},
      {"name": "Bulgaria"},
      {"name": "Belarus"},
      {"name": "Slovakia"},
      {"name": "Czechia"},
      {"name": "Ukraine"},
      {"name": "Hungary"},
      {"name": "Moldova, Republic of"},
      {"name": "Poland"}
    ],
    "minlatitude": 43.618682,
    "zones": [
      {"name": "Europe/Rome"},
      {"name": "Europe/Zagreb"},
      {"name": "Europe/Sarajevo"},
      {"name": "Europe/Belgrade"},
      {"name": "Europe/Sofia"},
      {"name": "Europe/Moscow"},
      {"name": "Asia/Aqtau"},
      {"name": "Asia/Samarkand"},
      {"name": "Asia/Qyzylorda"},
      {"name": "Asia/Almaty"},
      {"name": "Asia/Shanghai"},
      {"name": "Asia/Urumqi"},
      {"name": "Asia/Hovd"},
      {"name": "Asia/Ulaanbaatar"},
      {"name": "Asia/Vladivostok"},
      {"name": "Asia/Tokyo"},
      {"name": "Asia/Magadan"},
      {"name": "Europe/Bucharest"},
      {"name": "Europe/Kyiv"},
      {"name": "Europe/Simferopol"},
      {"name": "Asia/Choibalsan"},
      {"name": "Europe/Vienna"},
      {"name": "Europe/Ljubljana"},
      {"name": "Europe/Budapest"},
      {"name": "Europe/Chisinau"},
      {"name": "Europe/Astrakhan"},
      {"name": "Asia/Atyrau"},
      {"name": "Asia/Aqtobe"},
      {"name": "Asia/Sakhalin"},
      {"name": "Europe/Berlin"},
      {"name": "Europe/Bratislava"},
      {"name": "Europe/Volgograd"},
      {"name": "Asia/Oral"},
      {"name": "Asia/Srednekolymsk"},
      {"name": "Europe/Prague"},
      {"name": "Europe/Warsaw"},
      {"name": "Asia/Qostanay"},
      {"name": "Asia/Barnaul"},
      {"name": "Asia/Chita"},
      {"name": "Asia/Yakutsk"},
      {"name": "Europe/Saratov"},
      {"name": "Asia/Yekaterinburg"},
      {"name": "Asia/Krasnoyarsk"},
      {"name": "Asia/Irkutsk"},
      {"name": "Europe/Minsk"},
      {"name": "Europe/Samara"},
      {"name": "Asia/Novokuznetsk"},
      {"name": "Asia/Kamchatka"},
      {"name": "America/Adak"},
      {"name": "Europe/Vilnius"},
      {"name": "Europe/Ulyanovsk"},
      {"name": "Asia/Omsk"},
      {"name": "Asia/Novosibirsk"},
      {"name": "Europe/Copenhagen"},
      {"name": "Europe/Stockholm"},
      {"name": "Europe/Riga"},
      {"name": "Europe/Kirov"},
      {"name": "Asia/Tomsk"},
      {"name": "Europe/Tallinn"},
      {"name": "Europe/Oslo"},
      {"name": "Europe/Mariehamn"},
      {"name": "Europe/Helsinki"},
      {"name": "Asia/Khandyga"},
      {"name": "Asia/Ust-Nera"},
      {"name": "Asia/Anadyr"},
      {"name": "Arctic/Longyearbyen"}
    ]
  },
  {
    "minlongitude": -141.00275,
    "maxlatitude": 83.875172,
    "maxlongitude": -10.0288759,
    "sub-region": "Northern America",
    "countries": [
      {"name": "Bermuda"},
      {"name": "Canada"},
      {"name": "United States of America"},
      {"name": "Greenland"},
      {"name": "Saint Pierre and Miquelon"}
    ],
    "minlatitude": 32.0469651,
    "zones": [
      {"name": "America/Tijuana"},
      {"name": "America/Hermosillo"},
      {"name": "America/Phoenix"},
      {"name": "America/Denver"},
      {"name": "America/Chicago"},
      {"name": "America/New_York"},
      {"name": "America/Los_Angeles"},
      {"name": "Atlantic/Azores"},
      {"name": "America/Indiana/Indianapolis"},
      {"name": "America/Boise"},
      {"name": "America/Detroit"},
      {"name": "America/Toronto"},
      {"name": "America/Halifax"},
      {"name": "America/Moncton"},
      {"name": "America/Glace_Bay"},
      {"name": "America/North_Dakota/Beulah"},
      {"name": "America/St_Johns"},
      {"name": "America/Vancouver"},
      {"name": "America/Atikokan"},
      {"name": "America/Blanc-Sablon"},
      {"name": "America/Edmonton"},
      {"name": "America/Swift_Current"},
      {"name": "America/Regina"},
      {"name": "America/Winnipeg"},
      {"name": "Europe/Dublin"},
      {"name": "America/Iqaluit"},
      {"name": "America/Goose_Bay"},
      {"name": "America/Sitka"},
      {"name": "America/Dawson_Creek"},
      {"name": "America/Rankin_Inlet"},
      {"name": "America/Juneau"},
      {"name": "Europe/London"},
      {"name": "America/Yakutat"},
      {"name": "America/Fort_Nelson"},
      {"name": "America/Anchorage"},
      {"name": "America/Dawson"},
      {"name": "America/Whitehorse"},
      {"name": "America/Inuvik"},
      {"name": "America/Nuuk"},
      {"name": "Atlantic/Reykjavik"},
      {"name": "America/Cambridge_Bay"},
      {"name": "America/Scoresbysund"},
      {"name": "America/Resolute"},
      {"name": "America/Thule"},
      {"name": "America/Danmarkshavn"}
    ]
  },
  {
    "minlongitude": 92.1719423,
    "maxlatitude": 28.547835,
    "maxlongitude": 141.0194444,
    "sub-region": "South-eastern Asia",
    "countries": [
      {"name": "Brunei Darussalam"},
      {"name": "Singapore"},
      {"name": "Thailand"},
      {"name": "Timor-Leste"},
      {"name": "Viet Nam"},
      {"name": "Indonesia"},
      {"name": "Cambodia"},
      {"name": "Lao People's Democratic Republic"},
      {"name": "Myanmar"},
      {"name": "Malaysia"},
      {"name": "Philippines"}
    ],
    "minlatitude": -8.0895459,
    "zones": [
      {"name": "Asia/Jakarta"},
      {"name": "Asia/Makassar"},
      {"name": "Asia/Jayapura"},
      {"name": "Asia/Pontianak"},
      {"name": "Asia/Kuala_Lumpur"},
      {"name": "Asia/Kuching"},
      {"name": "Pacific/Palau"},
      {"name": "Asia/Manila"},
      {"name": "Asia/Kolkata"},
      {"name": "Asia/Bangkok"},
      {"name": "Asia/Ho_Chi_Minh"},
      {"name": "Pacific/Chuuk"},
      {"name": "Asia/Yangon"},
      {"name": "Asia/Phnom_Penh"},
      {"name": "Asia/Vientiane"},
      {"name": "Asia/Shanghai"},
      {"name": "Asia/Dhaka"},
      {"name": "Asia/Taipei"},
      {"name": "Asia/Tokyo"}
    ]
  },
  {
    "minlongitude": -178.5,
    "maxlatitude": 1.8183931,
    "maxlongitude": 172,
    "sub-region": "Melanesia",
    "countries": [
      {"name": "Solomon Islands"},
      {"name": "Vanuatu"},
      {"name": "Fiji"},
      {"name": "New Caledonia"},
      {"name": "Papua New Guinea"}
    ],
    "minlatitude": -17.6868616,
    "zones": [
      {"name": "Pacific/Fiji"},
      {"name": "Pacific/Tahiti"},
      {"name": "America/Lima"},
      {"name": "America/La_Paz"},
      {"name": "America/Campo_Grande"},
      {"name": "America/Sao_Paulo"},
      {"name": "America/Bahia"},
      {"name": "Africa/Windhoek"},
      {"name": "Africa/Luanda"},
      {"name": "Africa/Lusaka"},
      {"name": "Africa/Harare"},
      {"name": "Africa/Maputo"},
      {"name": "Indian/Antananarivo"},
      {"name": "Australia/Perth"},
      {"name": "Australia/Darwin"},
      {"name": "Australia/Brisbane"},
      {"name": "Pacific/Efate"},
      {"name": "America/Cuiaba"},
      {"name": "Africa/Blantyre"},
      {"name": "America/Porto_Velho"},
      {"name": "America/Araguaina"},
      {"name": "Indian/Mayotte"},
      {"name": "Pacific/Guadalcanal"},
      {"name": "Africa/Lubumbashi"},
      {"name": "Indian/Comoro"},
      {"name": "America/Rio_Branco"},
      {"name": "America/Fortaleza"},
      {"name": "America/Maceio"},
      {"name": "Africa/Dar_es_Salaam"},
      {"name": "Indian/Mahe"},
      {"name": "Asia/Makassar"},
      {"name": "Pacific/Port_Moresby"},
      {"name": "Pacific/Fakaofo"},
      {"name": "Pacific/Marquesas"},
      {"name": "America/Eirunepe"},
      {"name": "America/Manaus"},
      {"name": "America/Santarem"},
      {"name": "America/Belem"},
      {"name": "America/Recife"},
      {"name": "Asia/Jakarta"},
      {"name": "Asia/Dili"},
      {"name": "Asia/Jayapura"},
      {"name": "Africa/Kinshasa"},
      {"name": "Pacific/Kiritimati"},
      {"name": "Pacific/Bougainville"},
      {"name": "America/Guayaquil"},
      {"name": "Africa/Brazzaville"},
      {"name": "Africa/Bujumbura"},
      {"name": "Africa/Nairobi"},
      {"name": "Asia/Pontianak"},
      {"name": "Africa/Libreville"},
      {"name": "Pacific/Galapagos"},
      {"name": "America/Bogota"},
      {"name": "Africa/Kampala"},
      {"name": "Africa/Mogadishu"},
      {"name": "America/Boa_Vista"},
      {"name": "Indian/Maldives"},
      {"name": "America/Caracas"},
      {"name": "America/Guyana"},
      {"name": "Africa/Sao_Tome"},
      {"name": "Africa/Malabo"},
      {"name": "Asia/Kuala_Lumpur"},
      {"name": "Asia/Kuching"}
    ]
  },
  {
    "minlongitude": -17.3494721,
    "maxlatitude": 37.7612052,
    "maxlongitude": 39.0576252,
    "sub-region": "Northern Africa",
    "countries": [
      {"name": "Sudan"},
      {"name": "Tunisia"},
      {"name": "Algeria"},
      {"name": "Egypt"},
      {"name": "Western Sahara"},
      {"name": "Libya"},
      {"name": "Morocco"}
    ],
    "minlatitude": 8.685278,
    "zones": [
      {"name": "Africa/Freetown"},
      {"name": "Africa/Conakry"},
      {"name": "Africa/Abidjan"},
      {"name": "Africa/Accra"},
      {"name": "Africa/Lome"},
      {"name": "Africa/Porto-Novo"},
      {"name": "Africa/Lagos"},
      {"name": "Africa/Douala"},
      {"name": "Africa/Ndjamena"},
      {"name": "Africa/Bangui"},
      {"name": "Africa/Juba"},
      {"name": "Africa/Addis_Ababa"},
      {"name": "Africa/Ouagadougou"},
      {"name": "Africa/Khartoum"},
      {"name": "Africa/Bissau"},
      {"name": "Africa/Bamako"},
      {"name": "Africa/Banjul"},
      {"name": "Africa/Dakar"},
      {"name": "Africa/Niamey"},
      {"name": "Africa/Asmara"},
      {"name": "Africa/Nouakchott"},
      {"name": "Africa/Algiers"},
      {"name": "Africa/Tripoli"},
      {"name": "Africa/El_Aaiun"},
      {"name": "Africa/Cairo"},
      {"name": "Asia/Riyadh"},
      {"name": "Atlantic/Canary"},
      {"name": "Africa/Casablanca"},
      {"name": "Asia/Amman"},
      {"name": "Africa/Tunis"},
      {"name": "Asia/Jerusalem"},
      {"name": "Atlantic/Madeira"},
      {"name": "Asia/Damascus"},
      {"name": "Europe/Rome"},
      {"name": "Europe/Lisbon"},
      {"name": "Europe/Madrid"},
      {"name": "Europe/Athens"},
      {"name": "Europe/Istanbul"}
    ]
  },
  {
    "minlongitude": -25.0135069,
    "maxlatitude": 81.028076,
    "maxlongitude": 34.6891253,
    "sub-region": "Northern Europe",
    "countries": [
      {"name": "Sweden"},
      {"name": "Svalbard and Jan Mayen"},
      {"name": "Denmark"},
      {"name": "Estonia"},
      {"name": "Finland"},
      {"name": "Faroe Islands"},
      {"name": "United Kingdom of Great Britain and Northern Ireland"},
      {"name": "Guernsey"},
      {"name": "Ireland"},
      {"name": "Isle of Man"},
      {"name": "Iceland"},
      {"name": "Jersey"},
      {"name": "Lithuania"},
      {"name": "Latvia"},
      {"name": "Norway"}
    ],
    "minlatitude": 49.2621288,
    "zones": [
      {"name": "Europe/Guernsey"},
      {"name": "Europe/Paris"},
      {"name": "Europe/Berlin"},
      {"name": "Europe/Prague"},
      {"name": "Europe/Bratislava"},
      {"name": "Europe/Warsaw"},
      {"name": "Europe/Kyiv"},
      {"name": "Europe/London"},
      {"name": "Europe/Brussels"},
      {"name": "Europe/Dublin"},
      {"name": "Europe/Amsterdam"},
      {"name": "Europe/Minsk"},
      {"name": "Europe/Moscow"},
      {"name": "Europe/Copenhagen"},
      {"name": "Europe/Stockholm"},
      {"name": "Europe/Vilnius"},
      {"name": "Europe/Riga"},
      {"name": "Europe/Oslo"},
      {"name": "Europe/Tallinn"},
      {"name": "Europe/Mariehamn"},
      {"name": "Europe/Helsinki"},
      {"name": "Atlantic/Faroe"},
      {"name": "Atlantic/Reykjavik"},
      {"name": "America/Nuuk"},
      {"name": "America/Scoresbysund"},
      {"name": "America/Danmarkshavn"},
      {"name": "Arctic/Longyearbyen"}
    ]
  },
  {
    "minlongitude": 73.4997347,
    "maxlatitude": 53.5608154,
    "maxlongitude": 154.205541,
    "sub-region": "Eastern Asia",
    "countries": [
      {"name": "China"},
      {"name": "Taiwan, Province of China"},
      {"name": "Hong Kong"},
      {"name": "Japan"},
      {"name": "Korea (Democratic People's Republic of)"},
      {"name": "Korea, Republic of"},
      {"name": "Mongolia"},
      {"name": "Macao"}
    ],
    "minlatitude": 8.8383436,
    "zones": [
      {"name": "Asia/Kolkata"},
      {"name": "Asia/Colombo"},
      {"name": "Asia/Bangkok"},
      {"name": "Asia/Ho_Chi_Minh"},
      {"name": "Asia/Manila"},
      {"name": "Pacific/Chuuk"},
      {"name": "Asia/Phnom_Penh"},
      {"name": "Asia/Yangon"},
      {"name": "Asia/Vientiane"},
      {"name": "Pacific/Saipan"},
      {"name": "Asia/Shanghai"},
      {"name": "Asia/Dhaka"},
      {"name": "Asia/Hong_Kong"},
      {"name": "Asia/Taipei"},
      {"name": "Asia/Kathmandu"},
      {"name": "Asia/Thimphu"},
      {"name": "Asia/Tokyo"},
      {"name": "Asia/Karachi"},
      {"name": "Asia/Seoul"},
      {"name": "Asia/Urumqi"},
      {"name": "Asia/Kabul"},
      {"name": "Asia/Dushanbe"},
      {"name": "Asia/Pyongyang"},
      {"name": "Asia/Bishkek"},
      {"name": "Asia/Ulaanbaatar"},
      {"name": "Asia/Almaty"},
      {"name": "Asia/Hovd"},
      {"name": "Asia/Vladivostok"},
      {"name": "Asia/Magadan"},
      {"name": "Asia/Choibalsan"},
      {"name": "Asia/Sakhalin"},
      {"name": "Asia/Srednekolymsk"},
      {"name": "Asia/Barnaul"},
      {"name": "Asia/Chita"},
      {"name": "Asia/Yakutsk"},
      {"name": "Asia/Krasnoyarsk"},
      {"name": "Asia/Irkutsk"},
      {"name": "Asia/Novokuznetsk"}
    ]
  },
  {
    "minlongitude": 46.4932179,
    "maxlatitude": 55.4421701,
    "maxlongitude": 87.3156316,
    "sub-region": "Central Asia",
    "countries": [
      {"name": "Tajikistan"},
      {"name": "Turkmenistan"},
      {"name": "Uzbekistan"},
      {"name": "Kyrgyzstan"},
      {"name": "Kazakhstan"}
    ],
    "minlatitude": 36.6711153,
    "zones": [
      {"name": "Asia/Tehran"},
      {"name": "Asia/Ashgabat"},
      {"name": "Asia/Kabul"},
      {"name": "Asia/Karachi"},
      {"name": "Asia/Shanghai"},
      {"name": "Asia/Urumqi"},
      {"name": "Asia/Samarkand"},
      {"name": "Asia/Dushanbe"},
      {"name": "Asia/Baku"},
      {"name": "Asia/Tashkent"},
      {"name": "Asia/Bishkek"},
      {"name": "Asia/Tbilisi"},
      {"name": "Asia/Almaty"},
      {"name": "Europe/Moscow"},
      {"name": "Asia/Aqtau"},
      {"name": "Asia/Qyzylorda"},
      {"name": "Europe/Astrakhan"},
      {"name": "Asia/Aqtobe"},
      {"name": "Asia/Atyrau"},
      {"name": "Asia/Oral"},
      {"name": "Europe/Volgograd"},
      {"name": "Asia/Qostanay"},
      {"name": "Asia/Barnaul"},
      {"name": "Europe/Saratov"},
      {"name": "Asia/Yekaterinburg"},
      {"name": "Europe/Ulyanovsk"},
      {"name": "Europe/Samara"},
      {"name": "Asia/Novokuznetsk"},
      {"name": "Asia/Omsk"},
      {"name": "Asia/Novosibirsk"}
    ]
  }
]
